StudentID,Math,Physics,Chemistry,English,Attendance
1001,34,23,55.0,51.0,69
1002,89,31,95.0,74.0,57
1003,84,97,23.0,91.0,67
1004,73,48,77.0,,72
1005,40,74,63.0,55.0,64
1006,33,31,68.0,32.0,77
1007,25,78,88.0,35.0,79
1008,100,99,66.0,93.0,67
1009,49,57,30.0,49.0,61
1010,66,40,67.0,65.0,68
1011,29,97,41.0,88.0,70
1012,91,48,61.0,27.0,69
1013,71,54,28.0,47.0,91
1014,83,70,78.0,38.0,71
1015,88,53,94.0,74.0,92
1010,66,40,67.0,65.0,68
1016,37,85,83.0,31.0,58
1017,40,74,96.0,28.0,79
1018,87,52,90.0,21.0,98
1019,88,54,63.0,34.0,73
1020,53,84,42.0,84.0,61
1021,84,97,45.0,39.0,78
1022,87,20,,61.0,86
1023,59,50,27.0,50.0,91
1024,82,28,88.0,36.0,63
1025,41,53,87.0,97.0,82
1026,45,59,71.0,67.0,83
1027,51,48,28.0,63.0,56
1028,48,20,29.0,100.0,58
1029,62,29,85.0,50.0,72
1030,36,93,93.0,80.0,70
1031,44,32,32.0,75.0,77
1032,26,32,27.0,71.0,76
1033,44,44,88.0,77.0,63
1034,51,29,76.0,90.0,61
1035,21,31,50.0,41.0,81
1036,71,27,41.0,68.0,55
1037,78,56,74.0,91.0,97
1038,57,47,27.0,94.0,89
1039,26,94,81.0,84.0,88
1040,30,43,28.0,96.0,59
1041,35,92,51.0,94.0,93
1042,94,92,86.0,60.0,71
1043,50,53,70.0,36.0,97
1044,29,21,78.0,99.0,91
1045,47,84,53.0,36.0,77
1046,67,56,40.0,76.0,89
1047,87,21,90.0,58.0,97
1048,53,34,33.0,90.0,64
1049,63,46,53.0,84.0,86
1050,26,31,,55.0,57
1051,53,40,76.0,,100
1052,29,39,89.0,24.0,78
1053,36,25,59.0,66.0,57
1054,51,33,65.0,91.0,81
1055,50,40,42.0,72.0,56
1056,72,51,54.0,40.0,99
1057,80,48,45.0,78.0,77
1058,49,48,23.0,44.0,80
1059,55,64,85.0,71.0,98
1060,23,34,53.0,42.0,92
1061,33,96,75.0,64.0,75
1062,34,69,93.0,44.0,71
1063,86,88,45.0,66.0,82
1064,62,99,60.0,35.0,74
1065,61,71,57.0,90.0,63
1066,68,42,98.0,92.0,74
1067,58,56,46.0,75.0,92
1068,76,76,47.0,85.0,85
1069,41,30,56.0,85.0,97
1070,50,59,48.0,45.0,64
1071,80,98,29.0,78.0,81
1072,69,83,71.0,,64
1004,73,48,77.0,,72
1005,40,74,63.0,55.0,64
1073,33,74,48.0,42.0,99
1074,51,35,78.0,37.0,84
1075,96,60,76.0,98.0,87
1076,77,40,80.0,77.0,71
1077,55,86,82.0,100.0,70
1078,56,50,54.0,62.0,75
1079,39,49,69.0,39.0,100
1080,62,89,79.0,73.0,58
1081,94,22,,68.0,85
1082,69,73,88.0,89.0,93
1083,54,75,82.0,23.0,79
1084,71,41,79.0,36.0,94
1085,95,92,23.0,30.0,96
1086,43,26,53.0,68.0,75
1087,68,55,73.0,52.0,60
1088,26,64,48.0,28.0,96
1089,51,45,22.0,99.0,64
1090,34,92,47.0,79.0,99
1091,97,97,34.0,40.0,74
1092,59,93,68.0,70.0,100
1093,100,51,33.0,58.0,98
1094,92,25,64.0,88.0,82
1095,63,21,73.0,82.0,61
1096,78,39,75.0,42.0,88
1097,88,81,79.0,75.0,92
1098,31,55,77.0,51.0,84
1099,63,23,83.0,61.0,66
1100,53,63,55.0,96.0,99
1101,86,44,30.0,50.0,81
1102,80,82,77.0,22.0,60
1103,51,59,94.0,67.0,85
1104,90,62,65.0,78.0,72
1105,44,60,35.0,88.0,99
1106,81,55,95.0,87.0,93
1107,44,57,49.0,66.0,66
1108,36,55,25.0,26.0,90
1109,82,33,21.0,93.0,73
1110,43,26,52.0,81.0,62
1111,29,93,100.0,26.0,64
1112,58,30,51.0,35.0,90
1113,99,48,86.0,68.0,83
1114,95,74,59.0,92.0,94
1115,32,46,100.0,47.0,71
1116,42,90,29.0,40.0,55
1117,80,57,24.0,49.0,73
1118,78,29,49.0,53.0,95
1119,45,74,34.0,89.0,69
1120,38,29,27.0,41.0,74
1121,56,76,35.0,79.0,99
1122,54,84,89.0,83.0,83
1123,75,61,97.0,52.0,56
1124,93,95,22.0,54.0,91
1125,80,86,76.0,55.0,66
1126,82,31,80.0,64.0,81
1127,40,62,72.0,83.0,73
1128,90,24,78.0,31.0,75
1129,71,85,20.0,89.0,84
1130,66,99,83.0,100.0,83
1131,90,36,56.0,76.0,99
1132,100,97,50.0,40.0,74
1133,31,48,34.0,79.0,62
1134,57,85,54.0,73.0,85
1135,90,38,69.0,44.0,93
1136,28,55,73.0,,87
1137,58,95,94.0,82.0,64
1138,62,90,89.0,68.0,84
1139,50,93,69.0,49.0,81
1140,68,69,39.0,83.0,57
1141,62,32,76.0,,88
1142,38,72,39.0,29.0,85
1143,99,70,30.0,62.0,98
1144,60,100,82.0,89.0,57
1145,56,49,31.0,75.0,61
1146,32,76,41.0,58.0,56
1147,57,65,67.0,75.0,64
1148,43,41,42.0,30.0,94
1149,50,83,94.0,38.0,69
1150,52,21,79.0,56.0,98
1151,64,95,58.0,74.0,99
1152,45,69,81.0,33.0,70
1153,57,57,,70.0,72
1154,26,97,83.0,56.0,69
1155,44,99,52.0,37.0,95
1156,25,59,76.0,24.0,92
1157,57,61,73.0,42.0,67
1158,66,87,84.0,54.0,65
1159,81,57,63.0,34.0,84
1160,48,70,91.0,,60
1161,88,35,78.0,67.0,98
1162,68,67,33.0,49.0,85
1163,91,61,98.0,48.0,96
1164,58,72,34.0,37.0,57
1165,83,34,32.0,50.0,89
1166,89,73,95.0,39.0,81
1167,98,72,55.0,24.0,99
1168,50,66,32.0,67.0,89
1169,27,70,55.0,44.0,62
1170,31,47,96.0,22.0,58
1171,36,92,46.0,28.0,90
1172,49,62,38.0,96.0,55
1173,36,89,52.0,42.0,62
1174,21,65,,95.0,75
1175,36,73,87.0,34.0,59
1176,85,95,33.0,77.0,87
1177,86,58,78.0,23.0,58
1178,74,33,82.0,76.0,59
1179,38,28,36.0,55.0,94
1180,61,68,96.0,87.0,73
1181,32,34,90.0,47.0,82
1182,63,78,71.0,73.0,61
1183,52,67,39.0,80.0,59
1184,75,32,67.0,36.0,90
1185,91,62,35.0,72.0,77
1186,74,26,56.0,96.0,74
1187,47,39,81.0,48.0,61
1188,34,55,93.0,48.0,82
1189,99,98,91.0,23.0,93
1190,54,23,43.0,54.0,99
1191,64,20,43.0,38.0,91
1192,23,31,87.0,47.0,79
1193,67,59,61.0,92.0,93
1194,40,99,26.0,30.0,72
1195,97,76,73.0,54.0,68
1196,75,34,56.0,95.0,86
1197,48,70,96.0,27.0,55
1198,37,52,,61.0,62
1199,42,36,68.0,88.0,100
1200,65,29,,25.0,82
1201,60,93,74.0,93.0,80
1202,34,71,22.0,61.0,65
1203,66,31,75.0,33.0,70
1204,30,70,59.0,63.0,69
1205,85,34,87.0,85.0,67
1206,38,50,33.0,38.0,71
1207,29,42,100.0,83.0,84
1208,77,92,99.0,61.0,95
1209,80,76,100.0,58.0,72
1210,29,59,79.0,77.0,57
1211,29,31,98.0,96.0,87
1212,25,77,93.0,44.0,75
1213,27,77,33.0,63.0,100
1214,25,51,76.0,76.0,88
1215,67,56,69.0,72.0,76
1216,100,62,28.0,62.0,61
1217,52,97,39.0,62.0,60
1218,64,59,70.0,36.0,93
1219,91,68,62.0,36.0,97
1220,87,31,,85.0,78
1221,47,63,82.0,44.0,69
1222,57,32,84.0,89.0,88
1223,99,36,96.0,68.0,64
1224,99,41,76.0,25.0,81
1225,76,98,56.0,77.0,69
1226,80,44,67.0,93.0,83
1227,68,84,87.0,73.0,65
1228,37,52,26.0,81.0,78
1229,86,35,56.0,30.0,65
1230,38,75,31.0,48.0,83
1231,73,26,70.0,84.0,78
1232,67,48,23.0,60.0,61
1233,38,37,24.0,56.0,85
1234,80,77,,20.0,60
1235,39,90,97.0,87.0,82
1236,58,35,26.0,50.0,81
1237,28,34,,96.0,89
1238,50,38,57.0,74.0,55
1239,73,43,30.0,87.0,78
1240,84,84,90.0,22.0,79
1241,69,67,52.0,22.0,77
1242,100,33,94.0,62.0,63
1243,42,79,81.0,100.0,66
1244,78,24,57.0,45.0,57
1245,60,59,85.0,70.0,89
1246,44,56,65.0,26.0,96
1247,67,75,71.0,76.0,79
1248,83,67,86.0,54.0,60
1249,97,43,89.0,57.0,75
1250,57,59,77.0,97.0,100
1251,64,77,25.0,65.0,94
1252,27,29,71.0,66.0,87
1253,23,38,97.0,76.0,57
1254,66,66,69.0,92.0,57
1255,67,67,76.0,29.0,91
1256,60,55,51.0,34.0,56
1257,69,91,35.0,53.0,71
1258,98,56,82.0,45.0,62
1259,42,76,31.0,60.0,97
1260,89,57,58.0,40.0,100
1261,42,66,85.0,48.0,62
1262,50,83,23.0,66.0,90
1263,90,36,98.0,31.0,59
1264,81,87,72.0,72.0,91
1265,29,77,79.0,86.0,77
1266,90,95,43.0,36.0,82
1267,35,86,39.0,58.0,65
1268,48,64,86.0,56.0,60
1269,90,55,36.0,100.0,74
1270,41,95,94.0,39.0,65
1271,97,63,92.0,25.0,56
1272,93,53,46.0,93.0,81
1273,100,89,57.0,58.0,85
1274,71,58,78.0,29.0,99
1275,81,79,46.0,63.0,93
1276,60,64,71.0,36.0,78
1277,50,79,35.0,54.0,83
1278,57,69,98.0,73.0,70
1279,61,93,60.0,44.0,65
1280,83,59,83.0,22.0,60
1281,50,47,94.0,65.0,58
1282,80,56,88.0,21.0,61
1283,66,71,66.0,25.0,80
1284,66,90,56.0,29.0,79
1285,55,99,98.0,35.0,63
1286,63,91,66.0,38.0,67
1287,25,25,24.0,37.0,100
1288,78,39,97.0,85.0,63
1289,40,70,98.0,58.0,92
1290,88,82,92.0,58.0,85
1291,34,73,94.0,59.0,99
1292,53,94,93.0,49.0,58
1293,100,99,68.0,38.0,98
1294,34,44,22.0,76.0,75
1295,46,72,84.0,98.0,85
1296,27,37,86.0,46.0,90
1297,87,68,60.0,42.0,84
1298,65,53,98.0,81.0,67
1299,58,48,58.0,56.0,100
1300,60,81,64.0,91.0,72
1301,89,68,70.0,64.0,64
1302,30,64,76.0,52.0,85
1303,54,91,54.0,37.0,61
1304,51,26,87.0,48.0,95
1305,62,80,32.0,37.0,55
1306,40,72,80.0,81.0,96
1307,61,56,27.0,31.0,96
1308,24,42,73.0,42.0,57
1309,83,43,57.0,24.0,55
1310,62,56,78.0,89.0,88
1311,84,79,54.0,44.0,62
1312,52,43,21.0,63.0,73
1313,42,98,71.0,74.0,87
1314,32,43,37.0,,75
1315,69,50,77.0,54.0,76
1316,21,53,66.0,50.0,58
1317,40,71,84.0,59.0,99
1318,57,67,98.0,48.0,69
1319,78,97,67.0,73.0,99
1320,88,47,51.0,96.0,60
1321,66,29,92.0,34.0,58
1322,45,93,88.0,39.0,65
1323,34,46,94.0,82.0,60
1324,27,78,36.0,85.0,81
1325,79,59,22.0,70.0,71
1326,94,29,25.0,74.0,77
1327,27,28,80.0,24.0,73
1328,73,67,68.0,77.0,79
1329,89,37,64.0,35.0,66
1330,36,48,20.0,22.0,74
1331,74,88,68.0,49.0,70
1332,44,34,24.0,73.0,94
1333,22,50,46.0,28.0,61
1334,26,51,25.0,71.0,83
1335,27,37,84.0,57.0,69
1336,60,93,96.0,61.0,70
1337,86,48,72.0,58.0,72
1338,42,100,74.0,91.0,86
1339,68,87,60.0,73.0,81
1340,88,80,50.0,48.0,74
1341,79,27,91.0,72.0,81
1342,51,52,46.0,62.0,96
1343,67,31,88.0,44.0,58
1344,97,25,29.0,44.0,92
1345,81,46,62.0,58.0,55
1346,35,81,51.0,97.0,100
1347,90,61,56.0,68.0,84
1348,53,66,85.0,83.0,84
1349,80,60,46.0,67.0,75
1350,48,38,22.0,53.0,90
1351,73,57,39.0,45.0,76
1352,51,83,90.0,63.0,71
1353,82,78,41.0,65.0,65
1354,43,89,27.0,87.0,57
1355,26,20,72.0,37.0,95
1356,21,47,84.0,78.0,78
1357,98,81,82.0,22.0,55
1358,22,87,,88.0,73
1359,75,42,33.0,32.0,88
1360,87,52,65.0,54.0,80
1361,78,92,51.0,48.0,74
1362,24,31,71.0,68.0,79
1363,21,41,30.0,83.0,82
1364,32,87,25.0,49.0,68
1365,92,80,54.0,25.0,59
1366,89,92,,42.0,75
1367,38,70,29.0,58.0,65
1368,69,89,62.0,69.0,63
1369,30,84,64.0,26.0,61
1370,63,97,98.0,96.0,80
1371,54,77,82.0,49.0,77
1372,43,94,68.0,30.0,94
1373,29,30,54.0,39.0,79
1374,69,60,,33.0,60
1375,66,54,33.0,36.0,60
1290,88,82,92.0,58.0,85
1376,91,85,72.0,33.0,56
1377,96,96,61.0,69.0,55
1378,30,91,51.0,93.0,88
1379,37,54,58.0,54.0,86
1380,55,73,58.0,81.0,59
1381,100,83,96.0,98.0,67
1382,20,70,62.0,99.0,79
1383,62,75,96.0,37.0,74
1384,45,81,60.0,42.0,80
1385,82,93,51.0,61.0,79
1386,66,34,92.0,45.0,92
1387,90,23,79.0,46.0,83
1388,28,72,83.0,37.0,95
1389,39,74,68.0,29.0,83
1390,71,88,84.0,73.0,89
1391,88,96,30.0,33.0,70
1392,98,25,92.0,71.0,76
1393,21,32,53.0,48.0,87
1394,93,48,77.0,67.0,80
1395,84,39,64.0,23.0,85
1396,30,34,38.0,64.0,74
1397,86,81,64.0,80.0,61
1398,60,28,58.0,25.0,100
1399,33,41,51.0,86.0,66
1400,74,79,49.0,71.0,95
1401,75,70,23.0,98.0,67
1402,20,47,46.0,55.0,100
1403,33,88,43.0,66.0,75
1404,82,87,60.0,96.0,79
1405,64,65,78.0,99.0,66
1406,58,98,95.0,30.0,98
1407,59,34,43.0,67.0,99
1408,96,37,93.0,69.0,82
1409,42,91,41.0,82.0,73
1410,77,99,26.0,65.0,55
1411,69,91,84.0,83.0,81
1412,76,82,41.0,30.0,91
1413,57,24,55.0,48.0,89
1414,92,83,90.0,85.0,62
1415,89,66,89.0,25.0,83
1416,33,51,58.0,24.0,83
1417,31,76,35.0,50.0,68
1418,64,98,100.0,74.0,65
1419,46,27,92.0,64.0,89
1420,61,57,57.0,93.0,72
1421,32,37,72.0,27.0,72
1422,36,51,38.0,61.0,70
1423,82,38,93.0,100.0,72
1424,29,31,71.0,85.0,72
1425,78,82,61.0,94.0,55
1426,31,78,65.0,28.0,89
1427,47,83,54.0,61.0,73
1428,92,82,63.0,26.0,57
1429,78,22,35.0,40.0,83
1430,74,45,36.0,58.0,65
1431,31,66,52.0,30.0,78
1432,26,70,100.0,59.0,99
1433,31,32,20.0,47.0,85
1434,86,76,21.0,21.0,99
1435,74,36,81.0,29.0,69
1436,33,33,60.0,67.0,74
1437,37,38,,87.0,91
1438,76,64,47.0,100.0,64
1439,76,47,31.0,32.0,63
1440,69,64,74.0,60.0,63
1441,51,90,96.0,96.0,93
1442,23,58,46.0,86.0,93
1443,57,26,50.0,83.0,79
1444,96,29,87.0,21.0,78
1445,92,73,66.0,89.0,98
1446,29,22,95.0,28.0,55
1447,27,70,84.0,56.0,95
1448,74,71,30.0,88.0,89
1449,59,30,85.0,46.0,64
1450,28,59,75.0,50.0,58
1451,34,78,98.0,97.0,58
1452,42,35,,37.0,99
1453,64,86,86.0,53.0,65
1454,54,35,23.0,62.0,82
1455,93,100,29.0,83.0,84
1456,92,41,67.0,40.0,71
1457,34,49,85.0,,57
1458,25,80,66.0,69.0,64
1459,24,90,73.0,48.0,75
1460,60,54,29.0,93.0,78
1461,26,42,48.0,86.0,57
1462,79,56,59.0,,60
1463,45,57,92.0,58.0,94
1464,83,45,,51.0,64
1465,49,89,,21.0,76
1466,59,33,46.0,87.0,70
1467,38,55,31.0,25.0,69
1468,67,78,30.0,94.0,61
1469,70,29,95.0,92.0,58
1470,50,57,53.0,60.0,80
1471,60,77,54.0,49.0,59
1472,94,33,39.0,33.0,65
1473,35,88,65.0,46.0,83
1474,35,31,40.0,58.0,100
1475,61,38,31.0,51.0,77
1476,58,53,42.0,23.0,80
1477,90,51,32.0,79.0,61
1478,21,27,48.0,36.0,67
1479,100,30,94.0,95.0,71
1480,28,45,76.0,36.0,60
1481,62,35,25.0,79.0,58
1482,70,83,23.0,68.0,98
1483,43,55,55.0,77.0,64
1484,51,57,83.0,72.0,90
1485,69,37,73.0,45.0,96
1486,100,89,22.0,68.0,100
1487,82,64,92.0,84.0,75
1488,60,96,48.0,23.0,72
1489,87,65,94.0,49.0,65
1490,54,88,27.0,48.0,91
1491,65,42,42.0,50.0,92
1492,65,95,23.0,65.0,91
1493,44,83,89.0,59.0,66
1494,49,97,48.0,22.0,88
1495,98,45,36.0,63.0,100
1496,61,27,22.0,38.0,92
1497,34,87,66.0,29.0,78
1498,95,32,63.0,58.0,75
1499,75,82,60.0,42.0,100
1500,98,65,48.0,95.0,66
1501,57,36,42.0,20.0,99
1502,92,24,43.0,97.0,75
1503,48,92,33.0,83.0,64
1504,64,60,41.0,31.0,100
1505,62,77,21.0,53.0,68
1506,52,33,20.0,26.0,79
1507,41,72,83.0,68.0,77
1508,81,93,48.0,40.0,83
1509,57,22,60.0,53.0,61
1510,68,40,29.0,90.0,60
1511,81,23,75.0,41.0,93
1512,32,62,46.0,44.0,81
1513,89,53,56.0,58.0,70
1514,90,82,,26.0,78
1515,100,96,81.0,45.0,61
1516,57,30,80.0,34.0,74
1517,53,31,89.0,69.0,66
1518,43,77,25.0,53.0,83
1519,54,92,27.0,39.0,99
1520,64,89,72.0,95.0,69
1521,86,73,88.0,80.0,91
1522,30,70,24.0,84.0,91
1523,99,38,35.0,77.0,66
1524,47,44,36.0,25.0,82
1525,45,100,38.0,96.0,71
1526,28,31,69.0,91.0,80
1527,86,78,21.0,99.0,92
1528,73,39,38.0,92.0,92
1529,32,33,92.0,32.0,73
1530,72,53,69.0,82.0,91
1531,55,71,38.0,99.0,93
1532,70,62,50.0,26.0,85
1533,22,63,58.0,59.0,72
1534,32,49,37.0,58.0,83
1535,73,97,31.0,44.0,83
1536,82,86,67.0,27.0,87
1537,84,71,37.0,87.0,91
1538,45,27,51.0,24.0,84
1539,45,55,67.0,79.0,87
1540,23,50,67.0,82.0,93
1541,80,95,90.0,64.0,77
1542,31,56,23.0,69.0,58
1543,47,48,48.0,46.0,72
1544,21,80,36.0,42.0,93
1545,97,59,55.0,74.0,79
1546,47,79,58.0,86.0,94
1547,85,67,91.0,96.0,93
1548,81,28,63.0,55.0,95
1549,58,44,39.0,86.0,70
1550,96,71,60.0,37.0,56
1551,53,73,71.0,69.0,57
1552,44,63,48.0,88.0,95
1553,65,84,58.0,41.0,97
1554,32,80,36.0,53.0,90
1555,62,31,48.0,65.0,69
1556,62,67,53.0,94.0,73
1557,26,94,94.0,99.0,59
1558,35,68,87.0,58.0,81
1559,37,45,63.0,72.0,91
1560,38,60,43.0,30.0,86
1561,60,27,20.0,77.0,72
1562,93,40,82.0,31.0,63
1563,71,74,81.0,69.0,55
1564,67,21,,,67
1565,51,48,64.0,59.0,63
1566,59,41,28.0,25.0,74
1567,86,96,87.0,63.0,82
1568,63,82,65.0,44.0,65
1569,71,22,49.0,48.0,63
1570,84,41,35.0,66.0,100
1571,52,88,99.0,26.0,93
1572,22,26,34.0,73.0,83
1573,80,39,46.0,100.0,55
1574,86,54,99.0,97.0,99
1575,33,85,99.0,35.0,73
1576,45,97,45.0,53.0,88
1577,72,57,40.0,25.0,90
1578,81,62,50.0,20.0,55
1579,93,83,39.0,31.0,87
1580,52,49,78.0,57.0,71
1581,42,25,57.0,66.0,98
1582,32,25,21.0,37.0,97
1583,76,99,54.0,31.0,78
1584,71,71,78.0,54.0,79
1585,73,41,34.0,36.0,99
1586,40,33,73.0,95.0,85
1587,43,98,68.0,65.0,94
1588,36,81,82.0,34.0,81
1589,60,21,87.0,93.0,91
1590,63,86,86.0,99.0,61
1591,81,64,69.0,39.0,90
1592,21,40,84.0,80.0,86
1593,82,61,50.0,62.0,72
1594,68,71,50.0,30.0,84
1595,31,83,77.0,60.0,62
1596,22,33,71.0,,57
1597,31,97,99.0,58.0,87
1598,78,63,66.0,26.0,69
1599,99,96,80.0,66.0,100
1600,48,20,63.0,65.0,95
1601,86,67,33.0,25.0,65
1602,72,33,52.0,98.0,67
1603,70,47,78.0,44.0,100
1604,25,95,35.0,77.0,84
1605,37,83,20.0,87.0,58
1606,94,81,85.0,42.0,99
1607,36,33,69.0,96.0,93
1608,69,73,97.0,51.0,72
1609,57,77,37.0,37.0,81
1610,85,58,90.0,60.0,100
1611,47,45,46.0,99.0,100
1612,36,42,84.0,89.0,99
1613,65,91,81.0,94.0,91
1614,88,56,74.0,21.0,88
1615,26,27,45.0,54.0,65
1616,38,27,57.0,46.0,89
1617,33,98,91.0,48.0,96
1618,56,26,68.0,69.0,81
1619,60,90,26.0,21.0,71
1620,76,48,67.0,95.0,89
1621,44,57,77.0,42.0,98
1622,85,35,68.0,25.0,82
1623,40,94,52.0,20.0,76
1624,25,39,61.0,96.0,58
1625,58,82,93.0,90.0,77
1626,87,48,43.0,86.0,59
1627,89,88,71.0,31.0,77
1628,62,62,66.0,57.0,68
1629,80,91,21.0,34.0,97
1630,98,99,51.0,25.0,98
1631,34,69,52.0,89.0,73
1632,67,85,85.0,77.0,86
1633,44,61,85.0,30.0,61
1634,88,88,20.0,100.0,59
1635,47,74,33.0,46.0,100
1636,75,29,39.0,123.0,84
1637,29,26,42.0,52.0,90
1638,53,72,69.0,77.0,95
1639,69,35,88.0,20.0,96
1640,94,25,29.0,65.0,87
1641,58,97,31.0,56.0,83
1642,23,80,40.0,88.0,69
1643,89,57,38.0,58.0,98
1644,67,21,90.0,,64
1645,96,70,88.0,90.0,60
1646,64,47,72.0,85.0,64
1647,52,44,34.0,43.0,97
1648,90,79,90.0,29.0,73
1649,45,94,82.0,62.0,77
1650,32,56,99.0,28.0,67
1651,98,59,94.0,39.0,91
1652,74,41,20.0,60.0,70
1653,75,55,66.0,37.0,98
1654,79,77,65.0,59.0,86
1655,97,30,55.0,37.0,89
1656,100,29,29.0,22.0,87
1657,94,71,95.0,47.0,57
1658,89,80,39.0,66.0,80
1659,57,37,79.0,84.0,87
1660,21,50,98.0,41.0,87
1661,92,92,38.0,81.0,77
1662,49,28,53.0,67.0,69
1663,66,69,80.0,78.0,57
1664,33,86,55.0,53.0,92
1665,68,66,95.0,29.0,88
1666,48,86,71.0,65.0,77
1667,97,20,84.0,37.0,83
1668,55,47,39.0,43.0,65
1669,35,49,73.0,62.0,62
1670,46,95,40.0,72.0,56
1671,95,40,37.0,100.0,87
1672,27,41,53.0,43.0,88
1673,92,22,56.0,30.0,68
1674,81,41,48.0,72.0,93
1675,43,99,85.0,53.0,65
1676,78,96,95.0,28.0,69
1677,22,45,86.0,84.0,98
1678,32,42,80.0,98.0,93
1679,84,35,31.0,81.0,97
1680,20,75,86.0,73.0,78
1681,74,49,81.0,68.0,77
1682,93,32,74.0,37.0,71
1683,30,56,96.0,,81
1684,20,93,,35.0,88
1685,60,72,66.0,33.0,64
1686,53,88,74.0,92.0,78
1687,70,46,72.0,90.0,90
1688,91,81,52.0,59.0,91
1689,37,35,49.0,77.0,99
1690,85,71,63.0,90.0,94
1691,40,69,20.0,31.0,64
1692,31,28,53.0,48.0,78
1693,69,71,98.0,86.0,73
1694,42,83,76.0,21.0,67
1695,86,56,44.0,24.0,93
1696,98,41,24.0,66.0,70
1697,31,55,71.0,65.0,97
1698,86,21,28.0,31.0,90
1699,94,64,64.0,55.0,69
1700,71,93,20.0,53.0,66
1701,29,84,57.0,63.0,62
1702,88,93,52.0,76.0,79
1703,63,78,78.0,95.0,56
1704,68,48,49.0,60.0,81
1705,21,53,51.0,56.0,60
1706,63,29,90.0,42.0,85
1707,93,54,43.0,44.0,86
1708,50,53,46.0,49.0,67
1709,65,39,33.0,35.0,60
1710,98,20,89.0,25.0,85
1711,93,55,82.0,43.0,87
1712,93,36,26.0,87.0,82
1713,84,64,70.0,42.0,84
1714,78,60,21.0,21.0,98
1715,61,66,98.0,53.0,66
1716,80,98,63.0,66.0,66
1717,67,66,71.0,55.0,83
1718,93,49,32.0,54.0,70
1719,45,38,39.0,80.0,55
1720,100,86,88.0,60.0,86
1721,92,26,70.0,32.0,99
1722,52,80,100.0,32.0,83
1723,66,91,,52.0,77
1724,97,45,93.0,93.0,96
1725,56,65,61.0,85.0,86
1726,30,68,98.0,56.0,84
1727,41,63,73.0,100.0,94
1728,29,30,40.0,63.0,69
1729,54,97,70.0,54.0,83
1730,95,86,77.0,72.0,65
1731,50,52,30.0,46.0,65
1732,80,90,26.0,23.0,80
1733,33,53,99.0,39.0,60
1734,59,49,51.0,56.0,83
1735,41,23,24.0,65.0,75
1736,89,54,90.0,76.0,63
1737,42,95,96.0,78.0,95
1738,75,87,88.0,59.0,77
1739,31,76,59.0,66.0,81
1740,20,86,37.0,,73
1741,82,81,58.0,21.0,82
1742,20,90,67.0,44.0,81
1743,51,40,69.0,68.0,69
1744,50,86,98.0,54.0,73
1745,54,72,44.0,28.0,66
1746,78,99,77.0,54.0,99
1747,22,39,26.0,88.0,56
1748,54,36,76.0,,69
1749,47,63,73.0,59.0,86
1750,24,62,30.0,38.0,58
1751,89,80,43.0,44.0,71
1752,35,51,69.0,76.0,70
1753,78,32,86.0,46.0,85
1754,61,40,100.0,25.0,90
1755,58,45,66.0,26.0,97
1756,75,61,21.0,41.0,72
1757,51,21,25.0,94.0,99
1758,67,31,51.0,40.0,86
1759,100,27,27.0,65.0,96
1760,33,36,82.0,49.0,75
1761,64,76,44.0,22.0,99
1762,52,25,82.0,76.0,90
1763,44,92,43.0,89.0,77
1764,96,90,40.0,28.0,88
1765,53,89,66.0,78.0,55
1766,43,22,99.0,66.0,94
1767,88,69,44.0,87.0,98
1768,98,56,61.0,72.0,96
1769,28,25,36.0,42.0,57
1770,32,24,93.0,69.0,97
1771,95,52,26.0,66.0,69
1772,46,82,30.0,79.0,95
1773,73,67,27.0,98.0,72
1774,58,29,47.0,86.0,61
1775,69,44,44.0,87.0,97
1776,42,91,91.0,73.0,61
1777,78,74,33.0,41.0,66
1778,40,88,96.0,76.0,77
1779,61,67,72.0,75.0,75
1780,47,68,90.0,52.0,78
1781,70,20,,56.0,93
1782,58,20,58.0,48.0,68
1783,55,90,85.0,91.0,91
1784,24,78,65.0,39.0,63
1785,51,49,52.0,58.0,60
1786,47,29,61.0,81.0,66
1787,93,32,96.0,58.0,57
1788,30,27,62.0,64.0,82
1789,49,97,21.0,100.0,79
1790,60,89,92.0,39.0,75
1791,26,70,77.0,96.0,91
1792,57,70,38.0,36.0,76
1793,26,90,71.0,53.0,60
1794,36,37,81.0,91.0,67
1795,45,91,98.0,87.0,70
1796,75,61,93.0,31.0,62
1797,64,44,61.0,64.0,93
1798,41,64,98.0,76.0,94
1799,49,45,67.0,39.0,60
1800,99,38,56.0,21.0,76
1801,77,80,22.0,62.0,68
1802,89,86,53.0,90.0,85
1803,22,68,94.0,87.0,57
1804,45,99,54.0,,84
1805,69,54,66.0,33.0,56
1806,69,49,68.0,85.0,100
1807,96,88,31.0,43.0,67
1808,22,25,51.0,87.0,74
1809,40,22,64.0,65.0,77
1810,84,55,27.0,100.0,71
1811,23,91,55.0,48.0,64
1812,37,31,68.0,86.0,98
1813,49,73,50.0,93.0,64
1814,97,62,77.0,89.0,63
1815,89,45,37.0,59.0,99
1816,37,75,38.0,92.0,65
1817,35,43,60.0,38.0,56
1818,72,72,58.0,76.0,95
1819,44,33,36.0,43.0,56
1820,54,97,92.0,98.0,69
1821,23,65,30.0,81.0,63
1822,67,43,69.0,82.0,85
1823,24,72,21.0,54.0,81
1824,45,46,28.0,42.0,83
1825,61,78,51.0,74.0,80
1826,68,60,70.0,98.0,91
1827,24,86,33.0,77.0,84
1828,51,86,88.0,70.0,57
1829,100,26,44.0,57.0,83
1830,56,79,41.0,74.0,73
1831,86,38,79.0,77.0,60
1832,94,89,37.0,70.0,81
1833,78,95,45.0,78.0,60
1834,40,35,31.0,34.0,100
1835,87,69,85.0,98.0,65
1836,41,62,92.0,39.0,65
1837,26,73,59.0,59.0,83
1838,36,45,,99.0,71
1839,83,89,20.0,97.0,86
1840,80,78,72.0,,60
1841,90,55,99.0,100.0,90
1842,43,38,27.0,64.0,57
1843,93,97,58.0,62.0,60
1844,42,40,56.0,98.0,97
1845,91,42,78.0,94.0,78
1846,58,61,67.0,68.0,59
1847,28,57,80.0,37.0,62
1848,87,72,87.0,46.0,99
1849,93,100,87.0,31.0,85
1850,56,74,97.0,60.0,71
1851,65,36,98.0,92.0,86
1852,83,43,98.0,49.0,100
1853,35,23,79.0,100.0,62
1854,98,73,72.0,25.0,76
1855,47,21,45.0,56.0,71
1856,84,90,61.0,20.0,62
1857,92,98,23.0,42.0,67
1858,81,80,24.0,37.0,85
1859,88,62,79.0,72.0,58
1860,60,91,88.0,22.0,68
1861,65,28,39.0,55.0,56
1862,88,41,93.0,97.0,79
1863,59,60,24.0,54.0,81
1864,67,77,58.0,47.0,88
1865,24,45,31.0,76.0,87
1866,84,39,44.0,63.0,85
1867,61,38,32.0,86.0,98
1868,24,78,,86.0,62
1869,96,31,62.0,79.0,57
1870,59,22,93.0,59.0,95
1871,44,56,55.0,88.0,75
1872,54,39,,55.0,62
1873,85,33,46.0,89.0,77
1874,56,93,51.0,41.0,59
1875,89,76,26.0,36.0,56
1876,33,69,26.0,31.0,82
1877,95,100,77.0,98.0,77
1878,88,30,79.0,92.0,63
1879,79,32,78.0,59.0,98
1880,80,49,48.0,38.0,94
1881,43,62,61.0,78.0,86
1882,64,81,79.0,41.0,73
1883,36,85,33.0,71.0,100
1884,29,58,88.0,79.0,80
1885,51,90,40.0,81.0,79
1886,95,75,75.0,92.0,76
1887,29,93,82.0,34.0,92
1888,32,76,42.0,59.0,80
1889,96,68,61.0,83.0,96
1890,37,94,20.0,38.0,97
1891,69,98,93.0,77.0,67
1892,58,92,58.0,75.0,100
1893,31,94,21.0,98.0,87
1894,57,27,,90.0,58
1895,65,34,56.0,23.0,70
1896,100,60,68.0,71.0,79
1897,42,80,37.0,44.0,90
1898,73,39,,36.0,63
1899,38,82,75.0,37.0,60
1900,78,97,74.0,99.0,66
1901,77,69,65.0,,66
1902,83,50,84.0,54.0,81
1903,24,24,92.0,81.0,100
1904,30,38,87.0,55.0,84
1905,98,31,51.0,80.0,95
1906,29,89,94.0,59.0,94
1907,21,80,78.0,85.0,85
1908,65,57,57.0,41.0,57
1909,58,92,53.0,27.0,95
1910,26,57,99.0,23.0,73
1911,29,55,52.0,36.0,94
1912,21,34,97.0,42.0,92
1913,67,42,53.0,50.0,86
1914,24,63,30.0,38.0,93
1915,83,72,69.0,50.0,97
1916,46,93,64.0,26.0,96
1917,26,41,79.0,71.0,85
1918,88,49,68.0,69.0,85
1919,75,21,56.0,77.0,79
1920,25,32,88.0,65.0,82
1921,54,62,54.0,54.0,61
1922,79,50,95.0,44.0,88
1923,43,60,,21.0,98
1924,72,32,87.0,33.0,98
1925,56,52,44.0,24.0,56
1926,96,47,96.0,35.0,100
1927,97,36,68.0,92.0,66
1928,52,57,79.0,29.0,95
1929,74,61,52.0,40.0,59
1930,69,62,27.0,53.0,71
1931,45,98,70.0,42.0,96
1932,75,47,98.0,33.0,83
1933,29,29,,52.0,83
1934,20,24,69.0,54.0,64
1935,93,20,85.0,82.0,85
1936,28,89,48.0,20.0,79
1937,81,35,92.0,88.0,77
1938,27,100,31.0,66.0,89
1939,78,57,45.0,42.0,90
1940,44,58,69.0,33.0,95
1941,100,76,44.0,37.0,57
1942,95,50,82.0,69.0,59
1943,83,88,77.0,22.0,57
1944,25,71,35.0,47.0,96
1945,88,39,94.0,49.0,59
1946,22,80,99.0,25.0,70
1947,42,100,26.0,59.0,61
1948,95,28,33.0,34.0,86
1949,28,45,74.0,63.0,98
1950,93,89,37.0,61.0,68
1951,62,28,35.0,55.0,64
1952,67,90,41.0,76.0,70
1953,32,100,,68.0,65
1954,20,20,42.0,31.0,100
1955,73,80,36.0,46.0,64
1956,72,50,42.0,98.0,99
1957,83,98,31.0,,74
1958,50,44,35.0,87.0,61
1959,89,84,48.0,79.0,95
1960,44,34,39.0,80.0,86
1961,25,26,66.0,56.0,68
1962,78,25,33.0,26.0,89
1963,82,85,34.0,29.0,70
1964,61,73,45.0,61.0,69
1965,32,50,72.0,45.0,79
1966,94,82,26.0,75.0,64
1967,42,69,67.0,37.0,84
1968,54,45,62.0,36.0,57
1969,37,34,79.0,78.0,81
1970,57,97,40.0,98.0,65
1971,49,31,72.0,86.0,86
1972,80,79,55.0,21.0,82
1973,61,75,94.0,48.0,92
1974,20,73,25.0,25.0,85
1975,74,87,70.0,81.0,99
1976,50,30,91.0,21.0,99
1977,36,65,57.0,,96
1978,59,40,78.0,93.0,92
1979,37,71,43.0,67.0,95
1980,100,29,69.0,62.0,88
1981,54,98,89.0,93.0,68
1982,62,27,85.0,66.0,58
1983,99,25,66.0,66.0,66
1984,91,46,37.0,62.0,70
1985,94,46,48.0,61.0,77
1986,74,55,26.0,28.0,78
1987,87,35,80.0,88.0,98
1988,77,99,67.0,28.0,67
1989,30,70,42.0,56.0,59
1990,38,83,39.0,46.0,88
1991,73,89,36.0,80.0,77
1992,22,57,44.0,28.0,56
1993,86,62,72.0,94.0,76
1994,82,95,87.0,90.0,83
1995,59,41,53.0,49.0,85
1996,26,38,65.0,56.0,84
1997,40,88,56.0,43.0,66
1998,39,40,50.0,34.0,57
1999,76,53,67.0,43.0,68
2000,60,64,38.0,67.0,83
